itemID,forbidRule
694,특별조항
695,기내휴대 O
695,위탁수하물 O
696,특별조항
697,특별조항
702,기내휴대 O
698,특별조항
703,위탁수하물 O
702,위탁수하물 O
700,특별조항
704,특별조항
699,특별조항
703,기내휴대 X
705,특별조항
701,기내휴대 X
701,위탁수하물 O
708,특별조항
707,특별조항
710,위탁수하물 O
710,기내휴대 O
709,특별조항
714,특별조항
712,특별조항
713,특별조항
834,위탁수하물 X
837,특별조항
834,기내휴대 O
836,위탁수하물 O
836,기내휴대 O
833,기내휴대 X
835,기내휴대 X
838,기내휴대 O
833,항공사 승인
833,위탁수하물 O
838,위탁수하물 O
849,기내휴대 X
854,기내휴대 O
861,특별조항
851,특별조항
854,위탁수하물 O
850,기내휴대 X
855,기내휴대 X
849,위탁수하물 O
852,특별조항
835,위탁수하물 O
850,위탁수하물 O
862,기내휴대 X
853,특별조항
846,특별조항
858,특별조항
847,기내휴대 O
848,기내휴대 O
856,특별조항
867,특별조항
864,위탁수하물 O
847,위탁수하물 O
864,기내휴대 X
855,위탁수하물 O
871,위탁수하물 O
5462,기내휴대 O
5475,위탁수하물 O
5430,특별조항
5426,위탁수하물 O
5469,위탁수하물 O
870,기내휴대 X
862,위탁수하물 X
863,기내휴대 O
857,위탁수하물 X
841,위탁수하물 O
940,위탁수하물 O
940,기내휴대 O
977,위탁수하물 O
983,기내휴대 X
1002,특별조항
667,위탁수하물 X
679,기내휴대 O
680,위탁수하물 O
735,기내휴대 O
760,기내휴대 O
740,위탁수하물 X
692,위탁수하물 O
751,기내휴대 O
773,위탁수하물 O
693,항공사 승인
908,위탁수하물 O
931,위탁수하물 X
761,기내휴대 X
671,기내휴대 O
1019,기내휴대 X
787,기내휴대 X
792,위탁수하물 O
924,위탁수하물 O
1011,기내휴대 X
796,기내휴대 X
903,기내휴대 X
892,항공사 승인
797,위탁수하물 O
946,기내휴대 O
6789,기내휴대 X
6828,위탁수하물 O
6746,위탁수하물 O
6735,기내휴대 O
6634,기내휴대 O
6809,위탁수하물 O
6849,기내휴대 O
6859,특별조항
6869,위탁수하물 O
6858,기내휴대 X
6716,위탁수하물 O
6848,기내휴대 O
6834,기내휴대 O
6786,위탁수하물 O
6805,위탁수하물 O
6823,위탁수하물 X
6685,위탁수하물 O
6894,기내휴대 O
6887,위탁수하물 O
870,위탁수하물 O
843,기내휴대 X
869,기내휴대 X
874,기내휴대 X
884,위탁수하물 O
975,위탁수하물 O
980,위탁수하물 X
983,위탁수하물 X
969,위탁수하물 O
981,기내휴대 X
996,기내휴대 X
1004,위탁수하물 O
669,기내휴대 X
676,기내휴대 O
693,위탁수하물 O
681,위탁수하물 O
731,기내휴대 O
684,위탁수하물 O
729,항공사 승인
726,기내휴대 O
693,기내휴대 O
741,기내휴대 X
758,특별조항
734,기내휴대 O
777,기내휴대 X
740,기내휴대 X
769,기내휴대 X
932,특별조항
1020,기내휴대 X
1015,특별조항
787,위탁수하물 X
951,위탁수하물 O
828,위탁수하물 O
883,기내휴대 O
907,기내휴대 X
1022,기내휴대 X
1014,특별조항
897,기내휴대 X
900,위탁수하물 O
923,위탁수하물 X
1009,위탁수하물 O
6819,위탁수하물 O
6767,기내휴대 O
6757,위탁수하물 O
6735,위탁수하물 O
6643,위탁수하물 O
6791,기내휴대 O
6846,기내휴대 O
6799,기내휴대 X
6792,위탁수하물 O
6781,위탁수하물 O
6887,기내휴대 X
6805,기내휴대 O
6841,기내휴대 O
6874,기내휴대 X
6856,위탁수하물 O
6882,위탁수하물 O
866,특별조항
845,위탁수하물 O
868,특별조항
880,기내휴대 X
878,기내휴대 O
956,위탁수하물 O
974,특별조항
979,기내휴대 O
984,특별조항
997,위탁수하물 X
677,기내휴대 X
670,기내휴대 X
687,위탁수하물 O
691,기내휴대 O
722,위탁수하물 O
690,기내휴대 O
711,특별조항
745,위탁수하물 X
799,위탁수하물 O
785,기내휴대 X
813,위탁수하물 O
933,기내휴대 O
752,기내휴대 O
1006,위탁수하물 X
816,기내휴대 X
778,기내휴대 O
801,위탁수하물 O
934,위탁수하물 O
933,위탁수하물 O
895,특별조항
821,기내휴대 X
884,기내휴대 X
807,위탁수하물 O
809,특별조항
917,위탁수하물 O
1025,특별조항
821,위탁수하물 O
825,기내휴대 O
811,기내휴대 X
939,기내휴대 O
942,기내휴대 X
960,위탁수하물 X
909,특별조항
927,특별조항
931,기내휴대 O
6817,기내휴대 O
6813,기내휴대 O
6880,위탁수하물 O
6853,위탁수하물 O
6886,기내휴대 X
6787,위탁수하물 O
6804,기내휴대 O
6801,위탁수하물 O
6834,위탁수하물 O
6839,특별조항
6727,기내휴대 X
6858,특별조항
6867,기내휴대 O
848,위탁수하물 O
875,위탁수하물 O
863,위탁수하물 O
841,기내휴대 X
961,위탁수하물 X
972,위탁수하물 X
973,기내휴대 X
980,기내휴대 X
973,위탁수하물 X
986,기내휴대 X
987,위탁수하물 X
993,위탁수하물 O
665,위탁수하물 O
718,특별조항
738,위탁수하물 O
747,위탁수하물 O
692,기내휴대 O
741,위탁수하물 O
751,위탁수하물 O
756,기내휴대 X
736,위탁수하물 O
774,위탁수하물 O
727,항공사 승인
780,기내휴대 O
770,위탁수하물 O
915,기내휴대 X
923,기내휴대 O
942,위탁수하물 X
1023,특별조항
790,기내휴대 X
804,기내휴대 O
898,위탁수하물 O
935,기내휴대 O
954,위탁수하물 O
772,특별조항
1005,특별조항
952,위탁수하물 X
946,위탁수하물 O
921,기내휴대 O
1022,위탁수하물 O
6895,위탁수하물 O
6886,위탁수하물 O
6783,위탁수하물 O
6854,기내휴대 X
6777,기내휴대 O
6821,기내휴대 O
6823,기내휴대 X
6814,기내휴대 O
6867,위탁수하물 O
6736,기내휴대 X
6838,기내휴대 X
876,특별조항
875,기내휴대 O
840,항공사 승인
882,기내휴대 X
865,특별조항
880,위탁수하물 X
956,기내휴대 O
967,기내휴대 X
969,기내휴대 O
976,위탁수하물 O
979,위탁수하물 O
987,기내휴대 X
990,위탁수하물 X
997,기내휴대 X
999,위탁수하물 X
1000,기내휴대 X
686,위탁수하물 X
716,위탁수하물 O
724,위탁수하물 O
727,기내휴대 O
679,위탁수하물 O
765,위탁수하물 O
750,기내휴대 O
789,기내휴대 X
803,기내휴대 O
910,위탁수하물 X
922,기내휴대 O
776,위탁수하물 O
1024,특별조항
1021,기내휴대 X
792,기내휴대 O
801,기내휴대 X
935,위탁수하물 X
1008,위탁수하물 O
800,위탁수하물 O
818,위탁수하물 O
830,기내휴대 X
815,기내휴대 X
816,위탁수하물 X
817,특별조항
1020,위탁수하물 O
824,위탁수하물 O
818,기내휴대 X
886,특별조항
803,위탁수하물 O
807,기내휴대 X
937,특별조항
938,위탁수하물 O
1015,기내휴대 X
6900,기내휴대 O
6830,기내휴대 O
6844,특별조항
6843,기내휴대 O
6718,위탁수하물 O
6721,특별조항
6783,기내휴대 O
845,기내휴대 X
840,기내휴대 O
882,위탁수하물 O
958,위탁수하물 O
958,기내휴대 O
968,특별조항
978,위탁수하물 O
985,특별조항
993,기내휴대 O
996,위탁수하물 O
1003,위탁수하물 O
666,위탁수하물 O
675,기내휴대 O
684,기내휴대 O
763,기내휴대 O
752,위탁수하물 O
675,위탁수하물 O
681,기내휴대 O
744,기내휴대 X
745,기내휴대 O
725,특별조항
766,위탁수하물 X
918,기내휴대 X
1017,위탁수하물 O
793,기내휴대 X
826,기내휴대 X
820,위탁수하물 O
890,특별조항
891,특별조항
827,위탁수하물 O
898,특별조항
822,위탁수하물 O
799,기내휴대 X
823,위탁수하물 O
906,기내휴대 O
915,위탁수하물 O
6799,위탁수하물 X
6818,위탁수하물 O
6820,위탁수하물 O
6843,위탁수하물 O
6707,위탁수하물 O
6855,기내휴대 O
6888,기내휴대 O
844,기내휴대 X
843,위탁수하물 O
859,위탁수하물 O
878,위탁수하물 O
957,특별조항
961,기내휴대 O
964,위탁수하물 X
977,기내휴대 O
982,위탁수하물 O
991,기내휴대 X
994,위탁수하물 O
687,기내휴대 X
674,기내휴대 O
678,위탁수하물 O
682,위탁수하물 O
677,위탁수하물 O
720,특별조항
751,항공사 승인
717,특별조항
749,기내휴대 X
760,위탁수하물 O
755,특별조항
739,기내휴대 O
900,기내휴대 X
904,위탁수하물 O
757,특별조항
767,특별조항
782,위탁수하물 X
914,위탁수하물 O
784,기내휴대 X
790,위탁수하물 O
949,기내휴대 O
828,기내휴대 O
860,특별조항
819,기내휴대 X
954,기내휴대 O
827,기내휴대 O
814,위탁수하물 X
952,기내휴대 X
859,기내휴대 X
877,위탁수하물 O
857,기내휴대 X
962,기내휴대 X
967,위탁수하물 X
978,기내휴대 O
999,기내휴대 X
676,위탁수하물 O
685,위탁수하물 O
673,기내휴대 X
668,기내휴대 X
678,기내휴대 O
680,기내휴대 X
726,위탁수하물 O
733,기내휴대 O
716,기내휴대 X
733,위탁수하물 O
739,위탁수하물 O
742,위탁수하물 O
748,기내휴대 X
738,기내휴대 O
742,기내휴대 X
782,기내휴대 X
747,기내휴대 X
754,위탁수하물 O
775,위탁수하물 O
905,위탁수하물 X
768,기내휴대 X
892,위탁수하물 X
916,위탁수하물 O
914,기내휴대 O
793,위탁수하물 O
779,특별조항
781,위탁수하물 X
789,위탁수하물 O
929,위탁수하물 X
929,기내휴대 X
1009,특별조항
805,기내휴대 X
902,기내휴대 X
802,위탁수하물 O
881,위탁수하물 O
1018,기내휴대 X
917,특별조항
869,위탁수하물 X
844,위탁수하물 O
970,특별조항
975,기내휴대 O
991,위탁수하물 X
998,위탁수하물 X
669,위탁수하물 O
671,위탁수하물 O
725,항공사 승인
683,기내휴대 X
723,항공사 승인
706,기내휴대 O
746,위탁수하물 O
764,위탁수하물 X
737,위탁수하물 O
762,기내휴대 O
832,기내휴대 X
898,기내휴대 X
912,위탁수하물 O
1019,위탁수하물 X
776,기내휴대 O
917,기내휴대 O
780,위탁수하물 O
953,항공사 승인
950,기내휴대 X
804,위탁수하물 O
825,위탁수하물 O
892,기내휴대 O
885,위탁수하물 O
899,위탁수하물 O
794,기내휴대 O
822,기내휴대 X
918,위탁수하물 X
939,위탁수하물 O
6409,위탁수하물 O
6427,위탁수하물 O
6448,위탁수하물 O
6453,위탁수하물 O
6575,기내휴대 O
6574,기내휴대 O
6583,위탁수하물 O
6605,위탁수하물 O
6609,기내휴대 X
6618,위탁수하물 O
6652,위탁수하물 O
6632,위탁수하물 O
6659,기내휴대 O
6666,위탁수하물 O
6443,기내휴대 O
6423,위탁수하물 O
6469,위탁수하물 X
6469,기내휴대 X
6493,위탁수하물 O
6496,기내휴대 X
6495,위탁수하물 O
6495,특별조항
6530,위탁수하물 O
6534,특별조항
6521,위탁수하물 O
6517,기내휴대 X
6637,기내휴대 O
6641,기내휴대 O
6684,기내휴대 O
6687,특별조항
6692,위탁수하물 O
6699,기내휴대 O
6713,위탁수하물 O
6764,위탁수하물 O
6751,위탁수하물 O
6776,기내휴대 X
6775,위탁수하물 O
6742,위탁수하물 X
6752,위탁수하물 O
6780,특별조항
6800,위탁수하물 X
6813,위탁수하물 O
6848,위탁수하물 O
6682,기내휴대 O
6793,위탁수하물 O
6842,위탁수하물 O
6871,기내휴대 X
6723,특별조항
6737,기내휴대 O
6870,위탁수하물 O
840,위탁수하물 X
872,위탁수하물 O
962,위탁수하물 O
972,기내휴대 X
976,기내휴대 O
981,위탁수하물 O
995,특별조항
1001,특별조항
668,위탁수하물 O
686,기내휴대 X
688,위탁수하물 O
706,위탁수하물 O
725,기내휴대 O
744,위탁수하물 O
746,기내휴대 X
800,기내휴대 X
902,위탁수하물 O
913,특별조항
936,특별조항
1018,위탁수하물 X
774,기내휴대 X
919,위탁수하물 X
791,위탁수하물 O
930,위탁수하물 O
934,기내휴대 O
796,위탁수하물 X
824,항공사 승인
814,기내휴대 O
889,기내휴대 X
1016,기내휴대 X
904,기내휴대 X
798,기내휴대 X
888,위탁수하물 O
887,특별조항
885,기내휴대 O
912,기내휴대 X
925,기내휴대 X
811,위탁수하물 X
6409,기내휴대 O
6445,기내휴대 O
6567,기내휴대 X
6573,위탁수하물 O
6581,위탁수하물 O
6597,기내휴대 O
6608,기내휴대 X
6620,위탁수하물 X
6603,위탁수하물 O
6651,기내휴대 O
6664,위탁수하물 X
6671,위탁수하물 O
6429,기내휴대 O
6434,위탁수하물 O
6447,위탁수하물 O
6435,위탁수하물 O
6472,위탁수하물 X
6499,위탁수하물 X
6502,특별조항
6512,특별조항
6506,위탁수하물 O
6526,위탁수하물 O
6521,기내휴대 X
6540,기내휴대 O
6532,기내휴대 O
6607,특별조항
6415,위탁수하물 X
6529,위탁수하물 O
6645,기내휴대 O
6420,기내휴대 O
6408,특별조항
6702,특별조항
6680,기내휴대 X
6686,위탁수하물 O
6705,기내휴대 O
6726,위탁수하물 O
6760,위탁수하물 X
6747,특별조항
6728,기내휴대 X
6790,기내휴대 X
6747,위탁수하물 O
6752,기내휴대 X
6624,특별조항
6816,특별조항
842,특별조항
874,특별조항
966,기내휴대 O
964,기내휴대 X
989,특별조항
992,특별조항
998,기내휴대 O
1000,위탁수하물 O
690,위탁수하물 O
689,특별조항
670,위탁수하물 O
688,기내휴대 O
715,항공사 승인
736,기내휴대 O
737,항공사 승인
732,기내휴대 O
749,위탁수하물 O
722,기내휴대 O
773,기내휴대 O
765,기내휴대 X
911,위탁수하물 X
920,위탁수하물 X
788,기내휴대 X
778,위탁수하물 O
791,기내휴대 X
925,위탁수하물 O
919,기내휴대 O
1010,특별조항
897,위탁수하물 X
831,위탁수하물 O
894,특별조항
901,특별조항
788,위탁수하물 O
960,기내휴대 X
822,특별조항
6411,특별조항
6442,기내휴대 X
6577,특별조항
6579,위탁수하물 O
6491,위탁수하물 X
6605,기내휴대 X
6617,위탁수하물 O
6618,기내휴대 X
6651,위탁수하물 O
6659,위탁수하물 O
6669,기내휴대 O
6429,위탁수하물 O
6436,기내휴대 O
6428,기내휴대 O
6447,기내휴대 X
6468,특별조항
6496,위탁수하물 O
6477,기내휴대 O
6510,기내휴대 O
6484,위탁수하물 O
6522,기내휴대 O
6543,위탁수하물 O
6519,기내휴대 O
6414,기내휴대 O
6541,위탁수하물 O
6634,위탁수하물 O
6543,기내휴대 X
6607,위탁수하물 O
6622,위탁수하물 O
6680,위탁수하물 O
6416,특별조항
6678,기내휴대 O
6701,기내휴대 O
6734,위탁수하물 O
6724,위탁수하물 O
6765,기내휴대 O
6698,위탁수하물 X
6800,기내휴대 X
6824,특별조항
6763,위탁수하물 O
6758,위탁수하물 O
6791,위탁수하물 X
6801,기내휴대 O
6779,기내휴대 O
6864,위탁수하물 X
6896,기내휴대 X
6879,기내휴대 O
6747,기내휴대 O
6831,위탁수하물 O
872,기내휴대 X
871,기내휴대 X
955,특별조항
963,기내휴대 X
963,위탁수하물 O
971,특별조항
982,기내휴대 O
990,기내휴대 X
1003,기내휴대 X
666,기내휴대 X
665,기내휴대 X
691,항공사 승인
731,위탁수하물 O
763,위탁수하물 O
723,기내휴대 X
729,기내휴대 O
759,위탁수하물 O
715,기내휴대 O
734,위탁수하물 O
783,기내휴대 O
908,기내휴대 X
921,위탁수하물 O
947,위탁수하물 O
775,기내휴대 X
1009,기내휴대 X
786,기내휴대 O
795,위탁수하물 X
938,기내휴대 O
808,위탁수하물 X
916,기내휴대 O
797,기내휴대 O
947,기내휴대 X
959,특별조항
6413,기내휴대 O
6424,위탁수하물 O
6569,기내휴대 O
6576,기내휴대 O
6589,기내휴대 O
6491,특별조항
6597,위탁수하물 O
6615,위탁수하물 X
6646,위탁수하물 O
6653,위탁수하물 O
6592,기내휴대 O
6670,위탁수하물 O
6423,기내휴대 O
6466,위탁수하물 O
6451,위탁수하물 O
6458,기내휴대 O
6483,기내휴대 O
6498,특별조항
6505,위탁수하물 O
6514,기내휴대 X
6508,기내휴대 O
6547,기내휴대 O
6525,위탁수하물 O
6541,기내휴대 O
6418,기내휴대 O
6640,위탁수하물 O
6696,기내휴대 O
6417,기내휴대 O
6692,특별조항
6717,기내휴대 X
6732,기내휴대 O
6751,기내휴대 O
6760,기내휴대 X
6776,위탁수하물 O
6798,기내휴대 O
6761,위탁수하물 X
6826,기내휴대 O
6778,위탁수하물 O
6771,기내휴대 O
6833,기내휴대 O
6861,기내휴대 X
6892,위탁수하물 O
6895,기내휴대 O
6865,기내휴대 X
6831,기내휴대 O
6796,기내휴대 O
6789,특별조항
6835,위탁수하물 O
6837,위탁수하물 O
6869,특별조항
6892,특별조항
6881,위탁수하물 O
877,기내휴대 X
879,특별조항
874,위탁수하물 O
966,위탁수하물 O
965,특별조항
986,위탁수하물 O
994,기내휴대 X
672,기내휴대 X
674,위탁수하물 O
672,위탁수하물 O
685,기내휴대 X
682,기내휴대 O
673,위탁수하물 O
691,위탁수하물 O
715,위탁수하물 X
683,위탁수하물 O
724,기내휴대 O
723,위탁수하물 X
719,기내휴대 O
725,위탁수하물 O
735,위탁수하물 O
728,기내휴대 O
728,위탁수하물 O
750,위탁수하물 O
730,위탁수하물 O
754,기내휴대 O
759,기내휴대 X
762,위탁수하물 O
764,기내휴대 X
729,위탁수하물 X
732,위탁수하물 O
730,기내휴대 O
719,위탁수하물 X
727,위탁수하물 O
770,특별조항
737,기내휴대 X
753,특별조항
748,위탁수하물 O
899,기내휴대 X
769,위탁수하물 O
766,기내휴대 X
770,기내휴대 O
906,위탁수하물 O
888,기내휴대 X
911,기내휴대 X
761,위탁수하물 X
916,항공사 승인
756,위탁수하물 X
930,기내휴대 O
924,기내휴대 O
783,위탁수하물 O
1012,기내휴대 X
777,위탁수하물 X
786,위탁수하물 O
785,위탁수하물 O
781,기내휴대 X
784,위탁수하물 O
794,위탁수하물 O
943,특별조항
922,위탁수하물 O
948,특별조항
5458,기내휴대 O
951,기내휴대 O
945,특별조항
806,위탁수하물 O
824,기내휴대 O
904,항공사 승인
839,특별조항
768,위탁수하물 X
813,기내휴대 X
1004,기내휴대 X
830,위탁수하물 O
910,기내휴대 X
928,위탁수하물 X
1006,기내휴대 O
1008,기내휴대 O
1013,특별조항
6415,기내휴대 O
6421,위탁수하물 O
6560,위탁수하물 O
6579,기내휴대 O
6595,특별조항
6600,기내휴대 O
6612,위탁수하물 O
6619,위탁수하물 O
6650,기내휴대 X
6655,기내휴대 O
6658,위탁수하물 O
6665,위탁수하물 X
6437,기내휴대 O
6431,위탁수하물 O
6435,기내휴대 X
6468,위탁수하물 O
6480,기내휴대 O
6505,특별조항
6511,위탁수하물 O
6508,위탁수하물 O
6542,기내휴대 X
6622,기내휴대 X
6539,특별조항
6502,위탁수하물 O
6548,기내휴대 O
6699,특별조항
6418,위탁수하물 O
6677,기내휴대 X
6722,위탁수하물 O
6702,기내휴대 O
6753,위탁수하물 X
6741,기내휴대 O
6759,위탁수하물 O
6802,위탁수하물 O
6824,기내휴대 O
6534,기내휴대 O
6754,위탁수하물 O
6771,위탁수하물 O
6829,위탁수하물 O
6817,위탁수하물 O
6854,위탁수하물 O
6857,기내휴대 O
6898,기내휴대 O
6866,기내휴대 O
6847,위탁수하물 O
6841,위탁수하물 O
6845,기내휴대 X
6849,위탁수하물 O
6730,기내휴대 O
6732,위탁수하물 X
6878,기내휴대 O
950,위탁수하물 X
806,기내휴대 X
798,위탁수하물 O
815,위탁수하물 X
817,기내휴대 X
1021,위탁수하물 X
1013,위탁수하물 O
1012,위탁수하물 O
1026,특별조항
6415,특별조항
6449,위탁수하물 O
6568,기내휴대 O
6580,위탁수하물 O
6581,기내휴대 X
6599,기내휴대 O
6601,기내휴대 O
6617,특별조항
6515,위탁수하물 O
6650,위탁수하물 X
6663,위탁수하물 O
6672,기내휴대 O
6434,기내휴대 O
6450,기내휴대 O
6456,기내휴대 O
6440,위탁수하물 O
6480,위탁수하물 X
6484,기내휴대 X
6498,위탁수하물 X
6498,기내휴대 O
6537,기내휴대 O
6518,위탁수하물 O
6553,위탁수하물 O
6637,위탁수하물 O
6539,기내휴대 O
6494,기내휴대 O
6629,위탁수하물 O
6633,기내휴대 X
6633,위탁수하물 O
6623,위탁수하물 O
6538,기내휴대 O
6416,기내휴대 O
6687,기내휴대 O
6679,위탁수하물 O
6715,특별조항
6734,기내휴대 O
6748,기내휴대 X
6742,기내휴대 O
6755,위탁수하물 O
6797,위탁수하물 O
6784,위탁수하물 O
6772,위탁수하물 O
6489,위탁수하물 O
6555,기내휴대 O
6810,위탁수하물 O
6861,위탁수하물 O
6862,기내휴대 O
6892,기내휴대 O
6708,위탁수하물 O
6784,기내휴대 O
6897,특별조항
6794,기내휴대 O
6793,기내휴대 O
6822,기내휴대 O
6836,위탁수하물 X
6688,기내휴대 O
6899,위탁수하물 O
6881,특별조항
802,기내휴대 X
817,위탁수하물 O
820,기내휴대 X
1013,기내휴대 X
1011,위탁수하물 O
1019,항공사 승인
826,위탁수하물 O
832,위탁수하물 O
881,기내휴대 O
893,특별조항
1015,위탁수하물 O
831,기내휴대 O
896,특별조항
883,위탁수하물 O
903,위탁수하물 O
889,위탁수하물 X
795,기내휴대 X
926,위탁수하물 X
819,위탁수하물 O
805,위탁수하물 X
823,기내휴대 X
949,위탁수하물 O
926,기내휴대 X
1007,특별조항
941,위탁수하물 O
808,기내휴대 X
812,특별조항
907,위탁수하물 X
920,기내휴대 X
928,기내휴대 X
944,기내휴대 X
944,위탁수하물 X
941,기내휴대 X
1017,기내휴대 O
1016,위탁수하물 O
1059,기내휴대 X
1059,위탁수하물 O
1061,특별조항
1069,위탁수하물 O
1060,위탁수하물 O
1069,기내휴대 O
1060,기내휴대 O
1065,위탁수하물 O
1065,기내휴대 O
1084,위탁수하물 O
1084,기내휴대 O
1081,기내휴대 X
1081,위탁수하물 O
1096,위탁수하물 O
1106,항공사 승인
1106,기내휴대 X
1113,기내휴대 X
1113,위탁수하물 O
1118,위탁수하물 O
1118,기내휴대 X
1115,기내휴대 X
1115,위탁수하물 O
1125,기내휴대 X
1125,위탁수하물 O
1126,특별조항
1132,기내휴대 O
5468,위탁수하물 O
1073,기내휴대 X
1281,특별조항
1286,특별조항
1314,기내휴대 O
1326,위탁수하물 O
1370,위탁수하물 O
1396,위탁수하물 X
1207,위탁수하물 O
1266,특별조항
1513,위탁수하물 O
1838,위탁수하물 O
1944,위탁수하물 O
1622,기내휴대 X
6441,위탁수하물 O
6444,기내휴대 X
6412,위탁수하물 O
6563,위탁수하물 O
6584,기내휴대 O
6594,기내휴대 O
6590,기내휴대 O
6614,특별조항
6500,위탁수하물 O
6648,기내휴대 O
6652,기내휴대 O
6647,위탁수하물 X
6672,위탁수하물 O
6437,위탁수하물 O
6446,위탁수하물 O
6467,위탁수하물 X
6460,위탁수하물 O
6487,위탁수하물 O
6504,특별조항
6473,기내휴대 X
6513,기내휴대 O
6519,위탁수하물 O
6523,위탁수하물 O
6557,기내휴대 O
6565,위탁수하물 O
6516,기내휴대 O
6411,기내휴대 O
6626,위탁수하물 O
6414,위탁수하물 O
6473,위탁수하물 O
6552,위탁수하물 O
6681,특별조항
6696,위탁수하물 O
6694,위탁수하물 O
6677,위탁수하물 O
6697,위탁수하물 O
6704,위탁수하물 O
6738,기내휴대 O
6746,기내휴대 O
6757,기내휴대 O
6825,기내휴대 X
6795,기내휴대 O
6762,기내휴대 X
6778,기내휴대 O
6802,기내휴대 O
6807,기내휴대 O
6872,기내휴대 X
6871,위탁수하물 X
6891,위탁수하물 X
6899,기내휴대 O
6868,위탁수하물 O
6847,기내휴대 O
6891,기내휴대 X
6822,위탁수하물 O
6844,위탁수하물 O
6709,기내휴대 O
6890,위탁수하물 O
6883,기내휴대 O
1073,위탁수하물 X
1166,기내휴대 O
1341,위탁수하물 O
1405,기내휴대 O
1180,위탁수하물 O
1269,특별조항
1698,기내휴대 X
1755,특별조항
1953,기내휴대 X
1639,기내휴대 X
1988,기내휴대 X
2179,위탁수하물 O
2264,위탁수하물 X
5473,위탁수하물 O
5420,기내휴대 O
5428,위탁수하물 O
5446,기내휴대 O
5432,기내휴대 O
5447,위탁수하물 O
5527,위탁수하물 O
5455,기내휴대 O
5489,위탁수하물 O
5460,기내휴대 O
5477,위탁수하물 O
5605,기내휴대 O
5647,기내휴대 O
5661,기내휴대 O
5667,특별조항
5478,기내휴대 O
5479,위탁수하물 X
5601,위탁수하물 X
5720,특별조항
5725,기내휴대 X
5709,기내휴대 O
5419,위탁수하물 X
5433,기내휴대 O
5591,위탁수하물 O
5590,기내휴대 X
5531,위탁수하물 O
5535,특별조항
5737,특별조항
5544,위탁수하물 O
5766,위탁수하물 O
5770,위탁수하물 O
5783,위탁수하물 O
5742,기내휴대 O
5801,특별조항
5804,기내휴대 O
5808,기내휴대 O
5812,위탁수하물 O
5832,위탁수하물 O
5837,기내휴대 O
5846,기내휴대 X
5849,위탁수하물 O
5851,기내휴대 X
5866,기내휴대 O
5872,기내휴대 X
5865,위탁수하물 O
5891,기내휴대 O
5902,기내휴대 X
5621,위탁수하물 O
5622,위탁수하물 O
5622,기내휴대 O
5640,기내휴대 X
5629,기내휴대 O
5668,위탁수하물 O
5515,기내휴대 O
5692,위탁수하물 O
5730,기내휴대 X
5729,기내휴대 O
5706,특별조항
5566,위탁수하물 O
5731,기내휴대 O
5565,위탁수하물 O
5700,위탁수하물 O
6421,기내휴대 O
6444,위탁수하물 O
6441,기내휴대 O
6485,위탁수하물 O
6572,위탁수하물 O
6588,위탁수하물 O
6603,기내휴대 O
6613,위탁수하물 O
6616,위탁수하물 O
6649,위탁수하물 O
6632,기내휴대 O
6667,기내휴대 O
6666,기내휴대 O
6422,위탁수하물 O
6431,기내휴대 O
6431,특별조항
6474,기내휴대 O
6478,기내휴대 O
6524,위탁수하물 O
6520,위탁수하물 O
6520,기내휴대 O
6488,기내휴대 O
6532,위탁수하물 O
6628,위탁수하물 X
6535,위탁수하물 X
6621,기내휴대 O
6626,기내휴대 O
6550,기내휴대 O
1120,기내휴대 X
1030,기내휴대 O
1282,기내휴대 X
1324,위탁수하물 X
1370,기내휴대 O
1410,위탁수하물 O
1213,위탁수하물 O
1205,기내휴대 X
1498,위탁수하물 O
1583,기내휴대 X
1742,특별조항
1843,위탁수하물 X
1936,위탁수하물 X
2195,특별조항
2614,특별조항
3065,위탁수하물 O
5423,위탁수하물 O
5418,위탁수하물 O
5442,위탁수하물 O
5444,기내휴대 O
5470,기내휴대 O
5440,위탁수하물 O
5530,위탁수하물 O
5595,특별조항
5529,기내휴대 X
5598,위탁수하물 O
5451,위탁수하물 O
5657,기내휴대 X
5604,기내휴대 O
5644,위탁수하물 O
5686,위탁수하물 O
5678,기내휴대 O
5711,기내휴대 O
5703,위탁수하물 O
5691,기내휴대 O
5438,기내휴대 O
5413,기내휴대 O
5583,위탁수하물 X
5587,위탁수하물 O
5531,기내휴대 O
5546,기내휴대 O
5559,특별조항
5761,기내휴대 O
5752,기내휴대 O
5750,기내휴대 O
5559,기내휴대 O
5742,위탁수하물 O
5775,기내휴대 X
5794,기내휴대 O
5787,위탁수하물 X
5811,기내휴대 O
5819,위탁수하물 O
5822,위탁수하물 O
5843,기내휴대 O
5847,위탁수하물 O
5847,기내휴대 O
5861,기내휴대 O
5867,기내휴대 X
5875,위탁수하물 O
5880,특별조항
5896,특별조항
5902,특별조항
5613,위탁수하물 O
5624,기내휴대 X
5638,기내휴대 O
5642,기내휴대 O
5675,위탁수하물 O
5503,기내휴대 X
5509,기내휴대 O
5515,위탁수하물 O
5562,기내휴대 O
6448,기내휴대 X
6568,위탁수하물 O
6585,기내휴대 O
6577,기내휴대 O
6591,위탁수하물 O
6594,위탁수하물 O
6608,위탁수하물 X
6515,특별조항
6611,기내휴대 O
6667,특별조항
6668,특별조항
6428,위탁수하물 O
6455,기내휴대 O
6440,기내휴대 X
6424,기내휴대 O
6468,기내휴대 O
6502,기내휴대 O
6510,위탁수하물 O
6527,기내휴대 X
6529,특별조항
6545,기내휴대 O
6512,기내휴대 O
6536,위탁수하물 X
6408,위탁수하물 O
6637,특별조항
6627,기내휴대 O
6558,특별조항
6642,기내휴대 O
6553,기내휴대 O
6675,기내휴대 O
1132,위탁수하물 O
1037,위탁수하물 O
1314,위탁수하물 O
1221,위탁수하물 O
1228,특별조항
1214,위탁수하물 O
1517,위탁수하물 X
1474,특별조항
1698,위탁수하물 X
1762,위탁수하물 O
1858,위탁수하물 X
1955,기내휴대 X
2195,위탁수하물 O
2514,특별조항
5459,위탁수하물 O
5492,특별조항
5438,위탁수하물 O
5447,기내휴대 O
5435,기내휴대 X
5453,위탁수하물 O
5466,위탁수하물 X
5451,기내휴대 O
5469,기내휴대 O
5600,위탁수하물 O
5666,위탁수하물 O
5666,기내휴대 O
5486,위탁수하물 O
5685,위탁수하물 O
5708,기내휴대 O
5709,특별조항
5724,기내휴대 X
5422,위탁수하물 O
5441,기내휴대 X
5581,위탁수하물 O
5593,기내휴대 O
5548,위탁수하물 O
5540,기내휴대 X
5744,기내휴대 O
5761,위탁수하물 O
5544,기내휴대 O
5751,기내휴대 O
5754,위탁수하물 O
5760,기내휴대 O
5782,위탁수하물 O
5793,기내휴대 O
5797,특별조항
5817,위탁수하물 O
5816,위탁수하물 X
5822,기내휴대 X
5841,위탁수하물 O
5842,기내휴대 X
5856,위탁수하물 O
5859,기내휴대 O
5860,기내휴대 O
5870,기내휴대 X
5875,기내휴대 O
5888,기내휴대 O
5896,기내휴대 O
5896,위탁수하물 O
5551,기내휴대 O
5609,위탁수하물 O
5643,특별조항
5632,기내휴대 O
5674,기내휴대 O
5504,위탁수하물 O
5493,위탁수하물 O
5719,기내휴대 X
5706,기내휴대 O
5713,기내휴대 O
5676,기내휴대 O
5573,기내휴대 O
5563,위탁수하물 O
6442,위탁수하물 X
6453,기내휴대 O
6485,기내휴대 O
6573,기내휴대 O
6586,기내휴대 O
6587,위탁수하물 O
6500,특별조항
6609,특별조항
6638,위탁수하물 O
6655,위탁수하물 O
6662,기내휴대 O
6669,위탁수하물 O
6430,위탁수하물 O
6454,기내휴대 O
6454,위탁수하물 O
6459,기내휴대 X
6470,특별조항
6475,위탁수하물 O
6501,기내휴대 O
6490,위탁수하물 O
6492,위탁수하물 O
6524,기내휴대 O
6544,위탁수하물 O
6549,기내휴대 X
6547,위탁수하물 O
6561,위탁수하물 O
6562,특별조항
6630,기내휴대 O
6494,위탁수하물 O
6549,위탁수하물 O
1120,위탁수하물 O
1372,기내휴대 X
1183,위탁수하물 O
1207,기내휴대 O
1180,특별조항
1576,위탁수하물 X
1843,기내휴대 X
1632,위탁수하물 O
2201,특별조항
2243,기내휴대 X
2634,특별조항
3580,위탁수하물 O
5432,위탁수하물 O
5419,기내휴대 X
5490,위탁수하물 O
5420,위탁수하물 O
5662,기내휴대 O
5604,특별조항
5648,위탁수하물 O
5598,특별조항
5653,기내휴대 O
5457,위탁수하물 O
5468,기내휴대 O
5461,위탁수하물 O
5665,위탁수하물 O
5534,기내휴대 O
5717,기내휴대 O
5717,위탁수하물 O
5722,위탁수하물 O
5424,위탁수하물 O
5449,기내휴대 O
5591,기내휴대 O
5593,위탁수하물 O
5521,위탁수하물 O
5739,기내휴대 O
5734,위탁수하물 O
5537,위탁수하물 O
5756,위탁수하물 O
5557,위탁수하물 O
5780,기내휴대 X
5780,위탁수하물 X
5790,위탁수하물 O
5801,위탁수하물 O
5797,위탁수하물 O
5796,위탁수하물 O
5813,특별조항
5813,기내휴대 O
5827,위탁수하물 O
5847,특별조항
5858,특별조항
5851,위탁수하물 O
5866,위탁수하물 O
5877,위탁수하물 X
5885,위탁수하물 X
5890,위탁수하물 O
5897,기내휴대 X
5617,기내휴대 O
5631,위탁수하물 O
5626,기내휴대 O
5643,기내휴대 O
5494,위탁수하물 X
5507,위탁수하물 O
5510,위탁수하물 O
5733,기내휴대 X
5687,기내휴대 O
5560,위탁수하물 O
5514,특별조항
5699,위탁수하물 O
5568,특별조항
5571,기내휴대 O
6445,위탁수하물 O
6563,기내휴대 O
6580,기내휴대 O
6587,기내휴대 O
6595,기내휴대 O
6602,기내휴대 O
6500,기내휴대 X
6639,위탁수하물 O
6656,위탁수하물 O
6658,기내휴대 O
6438,기내휴대 O
6426,기내휴대 O
6432,위탁수하물 X
6450,위탁수하물 O
6462,위탁수하물 O
6480,특별조항
6488,특별조항
6474,위탁수하물 O
6537,위탁수하물 O
6523,기내휴대 O
6529,기내휴대 O
6516,위탁수하물 O
6555,위탁수하물 O
6530,기내휴대 O
6631,기내휴대 O
6644,위탁수하물 O
6689,위탁수하물 X
6417,위탁수하물 O
6691,기내휴대 O
6693,기내휴대 X
6724,기내휴대 X
6748,위탁수하물 X
6767,위탁수하물 O
1143,기내휴대 X
1108,위탁수하물 O
1293,기내휴대 O
1336,기내휴대 O
1213,기내휴대 O
1230,특별조항
1506,위탁수하물 O
1581,기내휴대 X
1720,위탁수하물 O
1936,기내휴대 O
1590,위탁수하물 O
2195,기내휴대 X
2518,기내휴대 X
5492,위탁수하물 O
5425,기내휴대 O
5437,위탁수하물 O
5534,위탁수하물 O
5533,기내휴대 X
5594,위탁수하물 O
5460,위탁수하물 O
5608,기내휴대 O
5472,기내휴대 O
5486,기내휴대 O
5685,기내휴대 O
5710,기내휴대 O
5724,위탁수하물 O
5698,기내휴대 O
5489,특별조항
5436,기내휴대 O
5445,기내휴대 O
5585,기내휴대 X
5587,기내휴대 O
5536,위탁수하물 O
5745,위탁수하물 O
5749,기내휴대 O
5556,기내휴대 O
5744,위탁수하물 O
5540,위탁수하물 O
5778,기내휴대 O
5772,위탁수하물 O
5775,위탁수하물 O
5795,위탁수하물 O
5799,위탁수하물 O
5803,기내휴대 O
5818,위탁수하물 X
5825,기내휴대 O
5839,기내휴대 O
5830,위탁수하물 O
5856,기내휴대 O
5852,기내휴대 O
5864,기내휴대 O
5869,기내휴대 O
5878,위탁수하물 O
5885,기내휴대 O
5892,위탁수하물 O
5903,특별조항
5623,기내휴대 O
5626,위탁수하물 O
5639,위탁수하물 O
5635,위탁수하물 O
5679,위탁수하물 O
5504,기내휴대 O
5497,기내휴대 O
5511,기내휴대 O
5513,위탁수하물 O
5699,기내휴대 O
5564,위탁수하물 O
5694,위탁수하물 O
5690,위탁수하물 X
6449,기내휴대 O
6571,위탁수하물 O
6585,위탁수하물 O
6588,기내휴대 O
6600,위탁수하물 O
6589,위탁수하물 O
6515,기내휴대 O
6611,위탁수하물 O
6592,특별조항
6665,기내휴대 X
6671,기내휴대 O
6426,위탁수하물 O
6450,특별조항
6471,기내휴대 X
6427,기내휴대 O
6477,위탁수하물 O
6490,기내휴대 O
6488,위탁수하물 O
6497,위탁수하물 O
6522,위탁수하물 O
6533,기내휴대 O
6517,위탁수하물 O
6552,기내휴대 O
6479,기내휴대 O
6642,위탁수하물 O
6676,위탁수하물 O
6711,위탁수하물 O
6674,위탁수하물 O
6683,위탁수하물 X
6702,위탁수하물 O
6739,위탁수하물 O
6761,기내휴대 X
6745,위탁수하물 O
1143,위탁수하물 X
1030,위탁수하물 O
1302,기내휴대 O
1315,위탁수하물 O
1339,기내휴대 X
1227,특별조항
1232,특별조항
1221,기내휴대 O
1243,특별조항
1506,기내휴대 O
1520,기내휴대 X
1442,기내휴대 O
1581,위탁수하물 X
1632,기내휴대 O
2243,위탁수하물 O
2603,특별조항
5439,기내휴대 O
5439,위탁수하물 O
5425,위탁수하물 O
5533,위탁수하물 O
5647,위탁수하물 O
5651,기내휴대 X
5664,위탁수하물 O
5462,위탁수하물 O
5467,위탁수하물 O
5519,특별조항
5488,기내휴대 O
5684,기내휴대 O
5678,위탁수하물 O
5722,기내휴대 O
5720,기내휴대 O
5489,기내휴대 O
5428,기내휴대 O
5443,기내휴대 O
5578,기내휴대 O
5590,위탁수하물 O
5521,기내휴대 O
5746,기내휴대 X
5542,위탁수하물 O
5557,기내휴대 O
5750,위탁수하물 O
5764,기내휴대 O
5767,위탁수하물 O
5742,특별조항
5757,기내휴대 O
5805,기내휴대 O
5805,위탁수하물 O
5823,위탁수하물 O
5824,위탁수하물 O
5835,위탁수하물 O
5848,위탁수하물 O
5859,위탁수하물 X
5864,위탁수하물 O
5871,위탁수하물 O
5880,기내휴대 O
5884,위탁수하물 O
5899,위탁수하물 O
5619,기내휴대 O
5623,위탁수하물 O
5628,위탁수하물 O
5641,위탁수하물 O
5635,특별조항
5670,기내휴대 X
5506,기내휴대 O
5668,기내휴대 O
5516,기내휴대 O
5705,위탁수하물 O
5575,기내휴대 O
5713,위탁수하물 O
5566,특별조항
5732,기내휴대 O
6410,위탁수하물 O
6560,기내휴대 O
6574,위탁수하물 O
6591,기내휴대 O
6596,기내휴대 O
6606,위탁수하물 O
6614,기내휴대 X
6638,기내휴대 O
6639,기내휴대 O
6668,기내휴대 O
6425,기내휴대 X
6443,위탁수하물 O
6451,기내휴대 O
6463,위탁수하물 O
6482,기내휴대 O
6511,기내휴대 O
6497,기내휴대 X
6489,기내휴대 X
6542,위탁수하물 X
6561,기내휴대 O
6536,기내휴대 X
6621,위탁수하물 O
6558,위탁수하물 X
6629,기내휴대 X
6688,특별조항
6707,기내휴대 X
6676,기내휴대 O
6715,기내휴대 O
6700,위탁수하물 O
1155,특별조항
1325,위탁수하물 O
1421,특별조항
1583,위탁수하물 X
1766,특별조항
1866,특별조항
1955,위탁수하물 O
2264,기내휴대 X
5413,위탁수하물 O
5519,기내휴대 O
5421,기내휴대 O
5450,위탁수하물 O
5524,위탁수하물 O
5594,기내휴대 O
5466,기내휴대 X
5487,기내휴대 X
5527,특별조항
5703,기내휴대 O
5697,기내휴대 O
5416,기내휴대 X
5443,위탁수하물 O
5576,위탁수하물 O
5588,위탁수하물 X
5532,위탁수하물 O
5746,위탁수하물 O
5539,위탁수하물 X
5552,위탁수하물 O
5759,위탁수하물 O
5748,위탁수하물 O
5554,기내휴대 X
5784,위탁수하물 O
5789,기내휴대 O
5790,기내휴대 O
5792,위탁수하물 O
5786,위탁수하물 O
5815,위탁수하물 O
5831,위탁수하물 O
5833,기내휴대 O
5844,위탁수하물 O
5848,기내휴대 O
5806,기내휴대 O
5866,특별조항
5877,기내휴대 O
5886,기내휴대 O
5892,기내휴대 O
5903,위탁수하물 O
5616,기내휴대 O
5627,위탁수하물 O
5627,기내휴대 X
5616,위탁수하물 O
5673,기내휴대 O
5500,기내휴대 O
5502,기내휴대 O
5681,기내휴대 O
5728,기내휴대 O
5516,위탁수하물 O
5729,위탁수하물 O
5721,기내휴대 X
5694,기내휴대 O
6412,기내휴대 O
6571,기내휴대 O
6576,위탁수하물 O
6598,기내휴대 X
6604,위탁수하물 O
6613,기내휴대 X
6609,위탁수하물 O
6593,기내휴대 O
6592,위탁수하물 O
6660,특별조항
6670,기내휴대 X
6464,위탁수하물 O
6464,기내휴대 O
6446,기내휴대 O
6471,위탁수하물 X
6462,기내휴대 O
6472,기내휴대 X
6503,위탁수하물 O
6475,기내휴대 O
6528,위탁수하물 O
6509,기내휴대 X
6509,위탁수하물 X
6559,특별조항
6559,기내휴대 O
6630,위탁수하물 O
6624,위탁수하물 O
6635,기내휴대 O
6640,특별조항
6546,위탁수하물 O
6706,위탁수하물 O
6691,위탁수하물 O
6694,기내휴대 O
6719,위탁수하물 X
6723,기내휴대 O
6733,기내휴대 X
6744,기내휴대 X
6807,위탁수하물 O
6808,위탁수하물 O
6773,위탁수하물 O
6754,기내휴대 O
6635,위탁수하물 O
6804,위탁수하물 O
6806,기내휴대 O
6870,기내휴대 O
6733,위탁수하물 X
6685,기내휴대 O
6877,기내휴대 X
6888,위탁수하물 O
1149,특별조항
1357,기내휴대 O
1410,기내휴대 O
1396,특별조항
1180,기내휴대 O
1557,기내휴대 X
1582,기내휴대 X
1858,기내휴대 X
1953,위탁수하물 X
1644,특별조항
2266,기내휴대 X
5488,위탁수하물 O
5523,기내휴대 O
5456,위탁수하물 O
5595,위탁수하물 O
5597,기내휴대 X
5608,위탁수하물 O
5604,위탁수하물 O
5652,위탁수하물 O
5482,위탁수하물 O
5684,위탁수하물 O
5677,위탁수하물 X
5688,기내휴대 O
5720,위탁수하물 O
5708,위탁수하물 O
5480,기내휴대 O
5423,기내휴대 O
5422,기내휴대 O
5433,위탁수하물 O
5585,위탁수하물 X
5584,위탁수하물 O
5549,기내휴대 O
5532,기내휴대 O
5539,기내휴대 O
5741,기내휴대 O
5763,특별조항
5755,기내휴대 O
5769,기내휴대 O
5783,특별조항
5771,기내휴대 X
5774,기내휴대 O
5814,기내휴대 O
5820,위탁수하물 O
5823,기내휴대 O
5824,기내휴대 O
5845,위탁수하물 O
5857,위탁수하물 O
5806,위탁수하물 O
5867,위탁수하물 O
5879,위탁수하물 O
5888,위탁수하물 O
5890,기내휴대 X
5904,위탁수하물 O
5618,기내휴대 X
5829,기내휴대 X
5625,위탁수하물 O
5631,기내휴대 O
5633,위탁수하물 O
5499,위탁수하물 O
5501,기내휴대 X
5701,위탁수하물 O
5514,위탁수하물 O
5518,위탁수하물 O
5562,위탁수하물 O
5498,위탁수하물 X
5687,위탁수하물 O
5696,기내휴대 X
5567,기내휴대 X
5575,위탁수하물 O
5732,특별조항
6570,기내휴대 X
6575,위탁수하물 O
6578,기내휴대 O
6590,위탁수하물 O
6604,기내휴대 O
6614,위탁수하물 O
6617,기내휴대 O
6593,위탁수하물 O
6657,위탁수하물 O
6661,위탁수하물 O
6422,기내휴대 O
6457,위탁수하물 O
6470,위탁수하물 O
6430,기내휴대 X
6436,위탁수하물 O
6474,특별조항
6504,기내휴대 O
6506,기내휴대 O
6481,기내휴대 O
6486,위탁수하물 O
6534,위탁수하물 O
6557,위탁수하물 O
6551,위탁수하물 O
6410,기내휴대 O
6556,기내휴대 X
6677,특별조항
6712,위탁수하물 O
6687,위탁수하물 O
6690,위탁수하물 O
6710,기내휴대 O
6720,위탁수하물 O
6739,기내휴대 O
6726,기내휴대 O
1160,위탁수하물 O
1315,기내휴대 O
1363,위탁수하물 O
1396,기내휴대 X
1221,항공사 승인
1219,기내휴대 X
1513,기내휴대 X
1557,위탁수하물 X
1607,위탁수하물 X
2071,기내휴대 O
2266,특별조항
5431,기내휴대 O
5417,위탁수하물 O
5523,위탁수하물 O
5454,위탁수하물 O
5657,위탁수하물 O
5603,위탁수하물 X
5656,특별조항
5646,기내휴대 O
5645,위탁수하물 O
5481,위탁수하물 X
5651,위탁수하물 X
5663,기내휴대 O
5474,위탁수하물 O
5477,기내휴대 O
5707,기내휴대 O
5431,위탁수하물 O
5445,위탁수하물 O
5582,기내휴대 O
5586,위탁수하물 O
5526,특별조항
5736,위탁수하물 O
5737,위탁수하물 O
5557,특별조항
5547,위탁수하물 O
5760,위탁수하물 O
5783,기내휴대 O
5798,위탁수하물 O
5793,위탁수하물 O
5799,기내휴대 O
5812,특별조항
5826,위탁수하물 X
5821,기내휴대 X
5854,기내휴대 X
5840,기내휴대 X
5865,기내휴대 O
5871,기내휴대 O
5883,기내휴대 O
5892,특별조항
5895,위탁수하물 O
5617,위탁수하물 O
5611,기내휴대 X
5633,기내휴대 O
5643,위탁수하물 O
5639,기내휴대 X
5672,기내휴대 O
5501,위탁수하물 O
5683,기내휴대 O
5730,위탁수하물 O
5715,위탁수하물 O
5695,기내휴대 X
5716,위탁수하물 O
6566,기내휴대 O
6569,위탁수하물 O
6570,위탁수하물 X
6584,특별조항
6582,기내휴대 O
6578,위탁수하물 O
6602,위탁수하물 O
6582,위탁수하물 O
6606,기내휴대 X
6605,특별조항
6601,위탁수하물 O
6612,기내휴대 O
6619,기내휴대 O
6648,위탁수하물 O
6653,기내휴대 O
6656,기내휴대 O
6654,위탁수하물 O
6661,기내휴대 O
6668,위탁수하물 O
6660,기내휴대 X
6673,위탁수하물 O
6438,위탁수하물 O
6465,기내휴대 O
6456,위탁수하물 O
6463,기내휴대 O
6433,위탁수하물 O
6459,위탁수하물 O
6470,기내휴대 O
6461,기내휴대 O
6465,위탁수하물 O
6461,위탁수하물 O
6483,위탁수하물 O
6476,기내휴대 O
6499,기내휴대 X
6493,기내휴대 O
6476,위탁수하물 O
6503,특별조항
6487,기내휴대 O
6533,위탁수하물 O
6482,위탁수하물 O
6525,기내휴대 O
6545,위탁수하물 O
1166,위탁수하물 O
1295,위탁수하물 O
1293,항공사 승인
1341,기내휴대 X
1372,위탁수하물 O
1397,위탁수하물 O
1183,기내휴대 X
1205,위탁수하물 X
1235,특별조항
1243,기내휴대 X
1520,위탁수하물 O
1477,특별조항
1944,기내휴대 X
1606,기내휴대 X
2266,위탁수하물 O
2416,특별조항
2518,위탁수하물 X
3580,기내휴대 O
5476,위탁수하물 O
5474,기내휴대 O
5528,기내휴대 O
5479,특별조항
5599,기내휴대 O
5600,특별조항
5654,기내휴대 O
5650,기내휴대 O
5663,위탁수하물 O
5660,특별조항
5471,위탁수하물 O
5522,기내휴대 O
5712,위탁수하물 O
5707,위탁수하물 O
5725,위탁수하물 O
5414,기내휴대 X
5427,위탁수하물 O
5582,위탁수하물 O
5588,기내휴대 X
5545,기내휴대 X
5537,기내휴대 X
5735,위탁수하물 X
5739,위탁수하물 O
5745,기내휴대 O
5758,기내휴대 O
5555,위탁수하물 O
5758,위탁수하물 O
5772,기내휴대 O
5773,위탁수하물 O
5795,기내휴대 O
5802,위탁수하물 O
5774,위탁수하물 O
5781,위탁수하물 O
5825,위탁수하물 O
5843,위탁수하물 O
5838,기내휴대 X
5854,위탁수하물 O
5853,위탁수하물 O
5862,위탁수하물 O
5873,기내휴대 O
5882,위탁수하물 O
5887,위탁수하물 O
5899,기내휴대 O
5895,기내휴대 X
5618,위탁수하물 X
5628,기내휴대 O
5634,위탁수하물 O
5635,기내휴대 O
5672,위탁수하물 O
5496,위탁수하물 O
5505,기내휴대 O
5513,기내휴대 O
5690,기내휴대 X
5701,기내휴대 O
5704,위탁수하물 O
5693,기내휴대 O
5569,위탁수하물 O
5568,위탁수하물 X
5570,기내휴대 O
6567,위탁수하물 X
6584,위탁수하물 O
6586,위탁수하물 O
6598,위탁수하물 O
6596,위탁수하물 O
6620,기내휴대 X
6646,기내휴대 O
6654,기내휴대 O
6667,위탁수하물 O
6647,기내휴대 O
6432,기내휴대 X
6455,위탁수하물 O
6452,위탁수하물 O
6504,위탁수하물 O
6479,위탁수하물 O
6510,특별조항
6507,위탁수하물 O
6539,위탁수하물 O
6528,기내휴대 O
6507,기내휴대 O
6615,기내휴대 X
1160,기내휴대 O
1282,위탁수하물 X
1293,위탁수하물 O
1308,기내휴대 X
1365,위탁수하물 O
1567,특별조항
1783,기내휴대 O
1971,기내휴대 X
2633,특별조항
2770,특별조항
5441,특별조항
5596,기내휴대 X
5598,기내휴대 O
5600,기내휴대 O
5597,위탁수하물 O
5652,기내휴대 X
5648,기내휴대 X
5653,위탁수하물 O
5649,위탁수하물 O
5482,기내휴대 O
5671,기내휴대 O
5473,기내휴대 O
5655,기내휴대 O
5659,기내휴대 X
5458,위탁수하물 O
5484,위탁수하물 O
5528,위탁수하물 O
5726,기내휴대 O
5723,위탁수하물 O
5416,위탁수하물 O
5446,위탁수하물 O
5581,기내휴대 O
5584,기내휴대 O
5738,위탁수하물 O
5553,위탁수하물 O
5735,기내휴대 X
5769,위탁수하물 O
5770,특별조항
5784,기내휴대 O
5776,위탁수하물 O
5802,기내휴대 O
5765,위탁수하물 O
5819,기내휴대 O
5781,기내휴대 O
5839,위탁수하물 O
5830,기내휴대 O
5850,위탁수하물 X
5853,기내휴대 O
5860,위탁수하물 O
5868,기내휴대 O
5876,기내휴대 O
5887,기내휴대 O
5900,위탁수하물 O
5609,기내휴대 O
5619,위탁수하물 O
5637,위탁수하물 O
5640,특별조항
5636,위탁수하물 O
5679,기내휴대 X
5496,기내휴대 O
5505,위탁수하물 O
5495,위탁수하물 O
5905,위탁수하물 O
6572,기내휴대 O
6577,위탁수하물 O
6595,위탁수하물 O
6491,기내휴대 O
6610,위탁수하물 O
6610,기내휴대 O
6649,기내휴대 O
6664,기내휴대 X
6663,기내휴대 O
6673,기내휴대 O
6433,기내휴대 O
6457,기내휴대 O
6425,위탁수하물 O
6466,기내휴대 X
6481,위탁수하물 O
6501,위탁수하물 O
6505,기내휴대 O
6531,기내휴대 O
6526,기내휴대 O
6512,위탁수하물 O
6559,위탁수하물 X
6564,위탁수하물 O
6625,기내휴대 O
6640,기내휴대 O
6627,위탁수하물 O
6636,기내휴대 O
6678,위탁수하물 O
6695,위탁수하물 O
6419,기내휴대 X
6675,특별조항
6723,위탁수하물 X
6704,기내휴대 O
6710,위탁수하물 O
6759,기내휴대 O
6798,특별조항
6745,특별조항
6535,기내휴대 O
6544,기내휴대 X
6806,위탁수하물 O
6838,위탁수하물 O
6869,기내휴대 O
6860,기내휴대 O
1168,위탁수하물 O
1034,특별조항
1307,기내휴대 O
1324,기내휴대 X
1357,위탁수하물 O
1397,기내휴대 O
1238,특별조항
1555,특별조항
1482,특별조항
1800,특별조항
1937,위탁수하물 O
3065,기내휴대 O
5450,기내휴대 O
5463,위탁수하물 O
5645,기내휴대 O
5649,기내휴대 X
5520,기내휴대 X
5671,위탁수하물 O
5455,특별조항
5519,위탁수하물 O
5472,위탁수하물 O
5680,기내휴대 O
5714,위탁수하물 O
5697,위탁수하물 O
5677,특별조항
5440,특별조항
5576,기내휴대 O
5583,기내휴대 X
5538,위탁수하물 O
5549,위탁수하물 O
5743,위탁수하물 O
5550,위탁수하물 O
5748,기내휴대 O
5759,기내휴대 O
5752,위탁수하물 O
5559,위탁수하물 O
5755,특별조항
5785,위탁수하물 O
5782,기내휴대 O
5771,위탁수하물 O
5808,위탁수하물 O
5815,기내휴대 O
5831,특별조항
5838,위탁수하물 O
5846,위탁수하물 O
5850,기내휴대 X
5862,기내휴대 O
5868,위탁수하물 X
5882,기내휴대 O
5883,위탁수하물 O
5898,위탁수하물 O
5897,위탁수하물 O
5620,위탁수하물 O
5612,위탁수하물 O
5638,위탁수하물 O
5634,기내휴대 O
5673,위탁수하물 O
5503,위탁수하물 O
5508,위탁수하물 O
5509,위탁수하물 O
5681,위탁수하물 O
5693,위탁수하물 O
5719,위탁수하물 O
5727,기내휴대 O
5566,기내휴대 O
5732,위탁수하물 O
5561,위탁수하물 O
5569,기내휴대 O
5731,위탁수하물 O
6566,위탁수하물 O
6571,특별조항
6583,기내휴대 X
6599,위탁수하물 O
6616,기내휴대 O
6601,특별조항
6662,위탁수하물 O
6657,기내휴대 O
6660,위탁수하물 O
6439,기내휴대 O
6467,기내휴대 X
6439,위탁수하물 O
6458,위탁수하물 O
6452,기내휴대 O
6478,위탁수하물 O
6486,기내휴대 O
6460,기내휴대 O
6492,기내휴대 O
6527,위탁수하물 X
6513,위탁수하물 O
6548,위탁수하물 O
6624,기내휴대 O
6565,기내휴대 O
6556,위탁수하물 X
6645,위탁수하물 O
6540,위탁수하물 O
6538,위탁수하물 O
6690,기내휴대 O
6703,위탁수하물 O
6718,기내휴대 O
6693,위탁수하물 X
6715,위탁수하물 O
6744,위탁수하물 O
1037,기내휴대 O
1207,특별조항
1199,기내휴대 X
1270,특별조항
1498,기내휴대 O
1582,위탁수하물 X
1693,위탁수하물 X
1838,기내휴대 X
1940,기내휴대 O
2071,위탁수하물 O
4006,특별조항
5650,위탁수하물 O
5654,위탁수하물 O
5664,기내휴대 O
5454,기내휴대 O
5480,위탁수하물 O
5484,기내휴대 X
5714,기내휴대 O
5691,위탁수하물 O
5709,위탁수하물 O
5430,기내휴대 O
5415,기내휴대 O
5578,위탁수하물 O
5580,위탁수하물 O
5546,위탁수하물 X
5555,기내휴대 O
5749,위탁수하물 O
5535,기내휴대 O
5751,위탁수하물 O
5737,기내휴대 O
5776,기내휴대 O
5773,기내휴대 O
5757,위탁수하물 O
5797,기내휴대 O
5814,위탁수하물 O
5832,기내휴대 O
5821,위탁수하물 X
5827,기내휴대 O
5857,기내휴대 O
5858,위탁수하물 X
5809,기내휴대 O
5868,특별조항
5876,위탁수하물 O
5886,위탁수하물 O
5890,특별조항
5904,기내휴대 O
5607,위탁수하물 X
5611,위탁수하물 O
5637,기내휴대 O
5625,특별조항
5642,특별조항
5676,위탁수하물 O
5507,기내휴대 O
5512,기내휴대 O
5493,기내휴대 X
5695,위탁수하물 X
5905,기내휴대 O
6514,위탁수하물 X
6550,특별조항
6546,기내휴대 O
6564,기내휴대 O
6628,기내휴대 O
6631,위탁수하물 O
6681,위탁수하물 O
6683,기내휴대 X
6692,기내휴대 O
6717,위탁수하물 X
6708,기내휴대 O
6727,위탁수하물 O
6721,기내휴대 X
6769,위탁수하물 O
6753,기내휴대 X
6827,위탁수하물 O
6755,기내휴대 O
6815,위탁수하물 O
6644,특별조항
6795,위탁수하물 O
6857,위탁수하물 O
6824,위탁수하물 O
6730,위탁수하물 O
6898,위탁수하물 O
6820,기내휴대 X
6816,기내휴대 O
6846,위탁수하물 O
6785,위탁수하물 X
6875,기내휴대 O
6835,기내휴대 O
1107,위탁수하물 O
1285,특별조항
1307,위탁수하물 O
1336,위탁수하물 O
1363,기내휴대 X
1392,위탁수하물 O
1219,위탁수하물 X
1711,위탁수하물 X
1795,특별조항
1590,기내휴대 X
1639,위탁수하물 O
5407,특별조항
5407,위탁수하물 O
5407,기내휴대 X
5485,위탁수하물 X
5465,위탁수하물 O
5662,위탁수하물 O
5667,위탁수하물 O
5464,기내휴대 O
5476,기내휴대 X
5487,위탁수하물 X
5592,위탁수하물 O
5688,특별조항
5698,특별조항
5698,위탁수하물 O
5429,특별조항
5442,기내휴대 O
5595,기내휴대 O
5586,기내휴대 O
5538,특별조항
5738,기내휴대 O
5540,특별조항
5558,위탁수하물 X
5763,기내휴대 O
5766,기내휴대 O
5550,기내휴대 O
5554,위탁수하물 O
5785,기내휴대 O
5795,특별조항
5803,위탁수하물 O
5807,기내휴대 O
5811,위탁수하물 O
5831,기내휴대 O
5833,위탁수하물 O
5810,위탁수하물 O
5842,위탁수하물 O
5840,위탁수하물 O
5864,특별조항
5877,특별조항
5880,위탁수하물 O
5891,위탁수하물 O
5901,위탁수하물 O
5614,기내휴대 O
5624,위탁수하물 X
5620,기내휴대 X
5632,위탁수하물 O
5670,위탁수하물 O
5674,위탁수하물 O
5499,기내휴대 X
5508,기내휴대 X
5692,기내휴대 O
5573,위탁수하물 O
5570,특별조항
5564,기내휴대 O
5718,기내휴대 O
5727,위탁수하물 O
5572,기내휴대 O
5733,위탁수하물 O
5718,위탁수하물 O
6554,위탁수하물 O
6562,위탁수하물 O
6408,기내휴대 X
6643,기내휴대 O
6518,기내휴대 O
6682,위탁수하물 O
6684,위탁수하물 O
6419,특별조항
6689,기내휴대 X
6729,위탁수하물 X
6722,기내휴대 O
6765,위탁수하물 O
6745,기내휴대 O
6779,위탁수하물 O
6789,위탁수하물 O
6503,기내휴대 O
6740,기내휴대 X
6562,기내휴대 O
6781,기내휴대 O
6850,기내휴대 O
6875,위탁수하물 O
6897,위탁수하물 O
6725,기내휴대 X
6856,기내휴대 O
6794,위탁수하물 O
6876,기내휴대 O
6832,기내휴대 O
6836,기내휴대 X
6420,위탁수하물 O
6731,위탁수하물 O
6864,기내휴대 X
1096,기내휴대 X
1365,기내휴대 O
1405,위탁수하물 O
1178,기내휴대 X
1199,위탁수하물 O
1264,특별조항
1232,기내휴대 X
1513,특별조항
1532,특별조항
1783,위탁수하물 O
1926,특별조항
1626,기내휴대 O
5409,위탁수하물 O
5409,기내휴대 O
5410,기내휴대 O
5412,기내휴대 O
5412,특별조항
6531,위탁수하물 O
6558,기내휴대 O
6419,위탁수하물 O
6411,위탁수하물 O
6551,기내휴대 X
6607,기내휴대 O
6416,위탁수하물 O
6681,기내휴대 X
6697,기내휴대 O
6720,기내휴대 O
6716,기내휴대 O
6763,기내휴대 O
6756,위탁수하물 O
6797,기내휴대 O
6828,기내휴대 O
6775,기내휴대 X
6550,위탁수하물 O
6636,위탁수하물 O
6814,위탁수하물 O
6858,위탁수하물 O
6851,기내휴대 O
6878,위탁수하물 O
6880,기내휴대 O
6850,특별조항
6830,위탁수하물 O
6803,위탁수하물 O
6840,기내휴대 O
6863,위탁수하물 O
6713,기내휴대 O
6863,기내휴대 O
6889,위탁수하물 O
1107,기내휴대 X
1295,기내휴대 O
1347,위탁수하물 O
1372,항공사 승인
1392,기내휴대 X
1220,특별조항
1243,위탁수하물 O
1762,특별조항
1940,위탁수하물 O
1622,위탁수하물 O
5409,특별조항
5410,위탁수하물 O
5412,위탁수하물 O
6413,위탁수하물 O
6623,기내휴대 O
6641,위탁수하물 O
6625,위탁수하물 O
6688,위탁수하물 O
6674,특별조항
6706,기내휴대 O
6703,기내휴대 O
6741,위탁수하물 O
6769,기내휴대 O
6774,위탁수하물 O
6780,위탁수하물 O
6808,기내휴대 O
6766,기내휴대 X
6749,위탁수하물 X
6788,위탁수하물 O
6812,위탁수하물 O
6854,특별조항
6866,위탁수하물 O
6731,기내휴대 O
6895,특별조항
6889,기내휴대 O
6885,기내휴대 O
6897,기내휴대 O
6900,위탁수하물 O
6803,기내휴대 O
6819,기내휴대 X
6810,기내휴대 X
6850,위탁수하물 O
6785,기내휴대 O
6877,위탁수하물 X
1308,위탁수하물 X
1326,기내휴대 X
1339,위탁수하물 O
1214,기내휴대 X
1762,기내휴대 O
1876,특별조항
1988,위탁수하물 O
5448,기내휴대 X
5465,기내휴대 O
5415,위탁수하물 O
5418,기내휴대 O
5421,위탁수하물 O
5478,위탁수하물 O
5453,기내휴대 O
5452,위탁수하물 O
5660,위탁수하물 O
5471,기내휴대 O
5483,위탁수하물 X
5686,기내휴대 O
5707,특별조항
5728,위탁수하물 O
5426,기내휴대 X
5424,기내휴대 O
5449,위탁수하물 O
5580,기내휴대 X
5526,위탁수하물 O
5736,기내휴대 O
5548,기내휴대 O
5541,기내휴대 X
5552,기내휴대 O
5556,위탁수하물 O
5763,위탁수하물 X
5551,위탁수하물 O
5768,기내휴대 X
5755,위탁수하물 O
5794,위탁수하물 O
5801,기내휴대 O
5804,위탁수하물 O
5774,특별조항
5818,기내휴대 X
5813,위탁수하물 O
5826,기내휴대 X
5810,기내휴대 O
5846,특별조항
5858,기내휴대 O
5852,위탁수하물 X
5863,위탁수하물 O
5873,위탁수하물 O
5881,위탁수하물 O
5889,위탁수하물 O
5900,기내휴대 X
5614,위탁수하물 O
5829,위탁수하물 X
5625,기내휴대 O
5640,위탁수하물 O
5494,기내휴대 X
5506,위탁수하물 X
5498,기내휴대 X
5512,위탁수하물 O
5561,기내휴대 O
5716,기내휴대 O
5704,기내휴대 O
5706,위탁수하물 O
6554,기내휴대 O
6682,특별조항
6695,기내휴대 X
6674,기내휴대 O
6679,기내휴대 O
6714,위탁수하물 O
6737,위탁수하물 O
6764,기내휴대 O
6768,위탁수하물 O
6749,기내휴대 X
6772,기내휴대 O
6766,위탁수하물 O
6790,위탁수하물 X
6811,기내휴대 O
6851,위탁수하물 O
6686,기내휴대 O
6863,특별조항
6719,기내휴대 X
6874,위탁수하물 X
6882,기내휴대 O
6856,특별조항
6808,특별조항
6873,위탁수하물 O
6809,기내휴대 X
6840,위탁수하물 O
6842,기내휴대 O
6721,위탁수하물 O
6859,위탁수하물 O
6884,기내휴대 O
1325,기내휴대 X
1347,기내휴대 O
1376,위탁수하물 O
1178,위탁수하물 X
1272,특별조항
1232,위탁수하물 O
1242,특별조항
1517,기내휴대 X
1576,기내휴대 X
1693,기내휴대 X
1720,기내휴대 O
1626,위탁수하물 O
5430,위탁수하물 O
5457,기내휴대 O
5461,기내휴대 O
5427,기내휴대 O
5485,기내휴대 X
5417,기내휴대 O
5520,위탁수하물 X
5522,위탁수하물 O
5491,기내휴대 O
5534,특별조항
5596,위탁수하물 X
5605,위탁수하물 O
5656,위탁수하물 O
5646,위탁수하물 O
5530,기내휴대 O
5655,위탁수하물 O
5660,기내휴대 O
5667,기내휴대 O
5475,기내휴대 O
5479,기내휴대 O
5677,기내휴대 O
5712,기내휴대 O
5726,위탁수하물 O
5492,기내휴대 O
5429,위탁수하물 O
5440,기내휴대 X
5579,기내휴대 X
5589,위탁수하물 O
5526,기내휴대 O
5741,위탁수하물 O
5743,기내휴대 O
5539,특별조항
5734,기내휴대 O
5754,기내휴대 O
5542,기내휴대 O
5770,기내휴대 O
5789,위탁수하물 O
5798,기내휴대 X
5807,위탁수하물 O
5765,기내휴대 X
5820,기내휴대 O
5837,특별조항
5844,기내휴대 X
5849,기내휴대 O
5855,기내휴대 X
5809,위탁수하물 X
5870,위탁수하물 X
5878,기내휴대 O
5889,기내휴대 O
5894,위탁수하물 X
5902,위탁수하물 O
5613,기내휴대 O
5616,특별조항
5642,위탁수하물 O
5641,기내휴대 O
5669,위탁수하물 O
5679,특별조항
5511,위탁수하물 O
5715,기내휴대 O
5705,특별조항
5567,위탁수하물 O
5673,특별조항
6711,기내휴대 O
6675,위탁수하물 O
6705,위탁수하물 O
6701,위탁수하물 O
6742,특별조항
6736,위탁수하물 O
6728,위탁수하물 X
6770,기내휴대 O
6738,위탁수하물 O
6750,위탁수하물 O
6782,위탁수하물 O
6781,특별조항
6816,위탁수하물 O
6879,위탁수하물 O
6853,기내휴대 O
6788,기내휴대 O
6865,위탁수하물 O
6782,기내휴대 O
6833,위탁수하물 O
6839,위탁수하물 X
6818,기내휴대 O
6821,위탁수하물 O
6845,위탁수하물 O
6699,위탁수하물 O
6893,위탁수하물 O
6884,위탁수하물 O
2160,특별조항
2524,특별조항
5463,기내휴대 O
5464,위탁수하물 O
5422,특별조항
5414,위탁수하물 O
5490,특별조항
5456,기내휴대 O
5448,위탁수하물 X
5529,위탁수하물 X
5452,기내휴대 X
5602,위탁수하물 O
5603,기내휴대 X
5656,기내휴대 O
5483,기내휴대 X
5661,위탁수하물 O
5470,위탁수하물 O
5455,위탁수하물 O
5682,기내휴대 O
5710,위탁수하물 O
5689,위탁수하물 O
5711,위탁수하물 O
5680,위탁수하물 O
5429,기내휴대 O
5441,위탁수하물 O
5579,위탁수하물 O
5589,기내휴대 O
5538,기내휴대 X
5536,기내휴대 O
5558,기내휴대 X
5550,특별조항
5756,기내휴대 O
5543,기내휴대 O
5541,위탁수하물 X
5778,위탁수하물 O
5791,위탁수하물 X
5788,위탁수하물 X
5792,기내휴대 O
5787,기내휴대 X
5796,기내휴대 O
5817,기내휴대 O
5841,기내휴대 O
5835,기내휴대 O
5855,위탁수하물 X
5861,위탁수하물 O
5863,기내휴대 O
5869,위탁수하물 O
5881,기내휴대 O
5898,기내휴대 X
5901,기내휴대 O
5607,기내휴대 O
5610,위탁수하물 O
5636,기내휴대 O
5629,위탁수하물 O
5669,기내휴대 O
5497,위탁수하물 X
5510,기내휴대 O
5517,위탁수하물 O
5696,위탁수하물 O
5572,위탁수하물 O
5683,위탁수하물 O
5517,기내휴대 O
5700,기내휴대 O
5495,기내휴대 O
5721,위탁수하물 O
5570,위탁수하물 O
6712,기내휴대 O
6768,기내휴대 O
6746,특별조항
6778,특별조항
6787,기내휴대 X
6774,기내휴대 O
6698,기내휴대 X
6644,기내휴대 O
6815,기내휴대 O
6825,위탁수하물 O
6860,위탁수하물 O
6896,위탁수하물 O
6862,위탁수하물 O
6803,특별조항
6894,위탁수하물 O
6826,위탁수하물 O
6832,위탁수하물 O
6839,기내휴대 O
6837,기내휴대 O
6883,위탁수하물 O
6890,기내휴대 O
6700,기내휴대 O
2179,기내휴대 X
5491,위탁수하물 O
5459,기내휴대 O
5436,위탁수하물 O
5435,위탁수하물 O
5524,기내휴대 O
5437,기내휴대 O
5530,특별조항
5592,기내휴대 X
5602,기내휴대 O
5599,위탁수하물 O
5601,기내휴대 X
5644,기내휴대 X
5527,기내휴대 O
5467,기내휴대 O
5659,위탁수하물 X
5665,기내휴대 O
5490,기내휴대 O
5481,기내휴대 X
5682,위탁수하물 O
5688,위탁수하물 O
5689,기내휴대 O
5728,특별조항
5723,기내휴대 O
5424,특별조항
5444,위탁수하물 O
5582,특별조항
5593,특별조항
5535,위탁수하물 O
5545,위탁수하물 X
5543,위탁수하물 O
5553,기내휴대 O
5739,특별조항
5764,위탁수하물 O
5547,기내휴대 X
5767,기내휴대 O
5768,위탁수하물 O
5791,기내휴대 X
5788,기내휴대 X
5786,기내휴대 O
5812,기내휴대 X
5816,기내휴대 X
5833,특별조항
5837,위탁수하물 O
5845,기내휴대 X
5853,특별조항
5809,특별조항
5872,위탁수하물 X
5879,기내휴대 O
5884,기내휴대 O
5894,기내휴대 X
5903,기내휴대 O
5610,기내휴대 O
5612,기내휴대 O
5621,기내휴대 O
5675,기내휴대 X
5500,위탁수하물 O
5705,기내휴대 O
5693,특별조항
5514,기내휴대 X
5565,기내휴대 O
5518,기내휴대 O
5502,위탁수하물 O
5563,기내휴대 O
5571,위탁수하물 O
5560,기내휴대 O
5568,기내휴대 O
6740,위탁수하물 X
6758,기내휴대 X
6780,기내휴대 O
6773,기내휴대 O
6762,위탁수하물 O
6495,기내휴대 O
6798,위탁수하물 O
6812,기내휴대 X
6852,기내휴대 O
6855,위탁수하물 O
6870,특별조항
6876,위탁수하물 O
6885,위탁수하물 O
6827,기내휴대 O
6818,특별조항
6811,위탁수하물 O
6844,기내휴대 O
6714,기내휴대 O
6852,위탁수하물 O
6881,기내휴대 O
1106,위탁수하물 O
1168,기내휴대 O
1108,기내휴대 X
1302,위탁수하물 O
1376,기내휴대 O
1442,위탁수하물 O
1711,기내휴대 X
1937,기내휴대 X
1971,위탁수하물 O
1606,위탁수하물 X
6750,기내휴대 O
6770,위탁수하물 O
6743,기내휴대 O
6756,기내휴대 X
6743,위탁수하물 O
6796,위탁수하물 O
6786,기내휴대 O
6872,위탁수하물 X
6725,위탁수하물 O
6893,기내휴대 X
6868,기내휴대 X
6777,위탁수하물 O
6829,기내휴대 O
6859,기내휴대 O
6792,기내휴대 O
6843,특별조항
6709,위탁수하물 O
6729,기내휴대 O
6873,기내휴대 O
